Group.1,sigma,theta,alpha
AF,0.0327335267143037,0.23820613053376,0.933483394738816
other,0.14165365182795,0.2064198744008,0.623519007898421
