Group.1,sigma,theta,alpha
AF,0.140980387046678,0.220995502388723,0.215157916910494
AFother,0.0515605553217473,3.88923477836821,1.0557693113387
other,0.0866118725846025,1.0114546356009,3.10342597299868
