Group.1,sigma,theta,alpha
AF,0.0118876044594795,0.00444670541047212,0.405091859577423
other,0.0387184472058777,0.00375562600007178,0.380380075063477
