Group.1,sigma,theta,alpha
AF,0.379891989479232,0.335769520389377,0.360689508234663
other,0.379891989479232,1.07535363254264,0.360689508234663
