Group.1,sigma,theta,alpha
AF,0.0626284899941279,0.0638965684013768,0.117029008646622
other,0.0626284899941279,0.0179854373841156,0.117029008646622
