Group.1,sigma,theta,alpha
AF,2.52233516230377e-05,6.52232464201701,4.66076520325658e-09
other,0.515213900638011,7.06953774702651e-10,NA
