Group.1,sigma,theta,alpha
AF,2.47895549784775e-06,0.123975708818335,8.46722419766306e-10
other,0.0560124443351577,2.34996744409482e-10,NA
