Group.1,sigma,theta,alpha
AF,0.16555339986434,0.124371878390077,3.0955850620805
other,0.16555339986434,0.253369788727527,3.0955850620805
