Group.1,sigma,theta,alpha
AF,0.197498612275861,0.0111511304962544,9.93313212634423
other,0.197498612275861,0.00516539629426422,9.93313212634423
