Group.1,sigma,theta,alpha
AF,0.0242975518161829,0.129240716878704,1.52498591074065
other,0.170109533906031,0.116182949633029,1.32805063680367
