Group.1,sigma,theta,alpha
AF,0.00982052749631427,0.0161362038656449,0.816861764379603
other,0.0538260476507238,0.00758210249631501,0.999731172001885
