trait_name,reg_intercept,reg_slope,r2,pvalue
pore_size,0.11681145151347,-0.570316021279482,0.456766568831283,0
