trait_name,reg_intercept,reg_slope,r2,pvalue
flower_size,-0.0541757777937454,0.00667524589789188,0.175570899435369,0
