trait_name,reg_intercept,reg_slope,r2,pvalue
stigma_size,-0.00860682396217225,-0.0197422846427077,0.0116803598215254,0.126
