trait_name,reg_intercept,reg_slope,r2,pvalue
herkogamy,0.0651369505288757,0.0257488189668697,0.32509563525726,0
