Group.1,sigma,theta,alpha
AF,0.618592716487053,-1.31876919892166,0.323893562652491
other,0.618592716487053,0.00360417832461195,0.323893562652491
