Group.1,sigma,theta,alpha
AF,0.561263804466349,-0.166738734882165,0.207027968931786
AFother,0.561263804466349,-0.166738734882165,0.207027968931786
other,0.561263804466349,-0.166738734882165,0.207027968931786
