Group.1,sigma,theta,alpha
AF,0.0290495807981148,0.291387722251683,0.873204659361012
AFother,0.264005730877061,0.553881273559174,0.405979196934293
other,0.118091363560156,0.493993161971042,0.355547021470138
