Group.1,sigma,theta,alpha
AF,0.0461721340113813,0.281902367800386,1.03477597596605
other,0.221197098444922,0.516758539507117,0.606776488085292
