Group.1,sigma,theta,alpha
AF,0.0192348619547474,0.0111841765138486,0.305036858287701
other,0.0502478844756823,0.00888142950617075,0.247760191339829
