PC1,PC2,PC3,PC4
flower_size,-0.996553902582828,-0.0212516502280976,0.079148532708028,-0.0128139135194752
herkogamy,0.0155390126452117,-0.996596800080338,-0.0638906314739576,0.0497126177695641
pore_size,-0.0305410165634895,0.0616410683261788,-0.21009781629161,0.975257162287145
stigma_size,-0.0755387625012244,0.0504337598025552,-0.972374621516585,-0.215030059904283
