Group.1,flower_size,herkogamy,pore_size,stigma_size
AF,1.29147302105099,0.778471134784269,0.0676884832835747,0.277174387391117
AFother,1.90539486283902,1.03317547517351,0.15956679635814,0.252231499156364
other,1.98994958495168,0.723676766775446,0.0649891765880525,0.138110510052686
