Group.1,flower_size,herkogamy,pore_size,stigma_size
AF,1.29147302105099,0.778471134784269,0.0676884832835747,0.277174387391117
other,1.95837857861638,0.875982967481225,0.117270477379709,0.193719488948048
