Group.1,flower_size,herkogamy,pore_size,stigma_size
AF,5.28269230769231,-0.816153846153846,0.237307692307692,0.398846153846154
AFother,5.981875,-0.4646875,0.2496875,0.4640625
other,6.66227272727273,-0.078409090909091,0.185454545454545,0.524318181818182
