Group.1,flower_size,herkogamy,pore_size,stigma_size
AF,5.28269230769231,-0.816153846153846,0.237307692307692,0.398846153846154
other,6.37578947368421,-0.241052631578947,0.2125,0.498947368421053
