state,center,dispersion
AF,-0.0127811692638859,0.0297844833044152
other,0.0141567161022702,0.0119301518200387
