state,center,dispersion
AF,-0.0219283945703701,0.0100359017930277
other,0.00361601416314635,0.00907908547928858
