Group.1,sigma,theta,alpha
AF,2.12331771544331e-05,6.33231294467473,2.99929085228823e-09
AFother,0.568663854620445,8.52554060767657e-10,NA
other,0.472904873037201,1.18956255638348e-09,NA
