Group.1,sigma,theta,alpha
AF,0.967941962473106,-3.36088851225414,0.725746441496363
other,0.967941962473106,-2.64369660834856,0.725746441496363
