Group.1,sigma,theta,alpha
AF,0.192815090573412,0.053926689550796,0.291944240900624
other,0.192815090573412,0.0291161878325675,0.291944240900624
