Group.1,sigma,theta,alpha
AF,0.141782507285933,0.208967080782431,0.159138996634329
other,0.141782507285933,0.0261349632708282,0.159138996634329
