state,mean,sd
AF,-0.021796064084376,0.00790875647750695
other,0.00388304189011855,0.00608148087185037
