Group.1,sigma,theta,alpha
AF,0.116202779012515,0.107861641874698,1.32249857460342
other,0.116202779012515,0.232870553292296,1.32249857460342
