Group.1,sigma,theta,alpha
AF,0.0920771548418923,0.00759460218339557,5.10078551092316
other,0.0920771548418923,0.0036804355091592,5.10078551092316
